Clinic Name,City,Doctor,Specialty,Website,Speed Score,Load Time,Mobile Friendly,Google Rating,Review Count,WhatsApp Path,Revenue Leak Score,Pain Proof,Jawab Angle,Notes,Status,Channel,Audit Date
Dr. Thomas Dental Implant Clinic,Dubai,Dr. Thomas,Implant,https://drthomasdentalimplantclinic.com/,Skipped,Skipped,Skipped,4.9,200,Direct: +971567595137,68,"Implant clinic already exposes a direct WhatsApp number, making missed-call fallback and follow-up a clean immediate fit.",Recover + Visible,Likely missed call issues; High-ticket: Implant; AI visibility: needs manual check,Ready To Send Today,WhatsApp,2026-06-03
Leila Hariri Dental & Medical Aesthetics,Dubai,Dr. Leila Hariri,,https://lhdm.ae/,Skipped,Skipped,Skipped,5.0,424,Direct: +971501595432,61,High-end aesthetics patients expect immediate follow-up; having both a landline and direct mobile suggests the front desk can still leak premium inquiries when busy.,Recover + Visible,AI visibility: needs manual check,Ready To Send Today,WhatsApp,2026-06-03
NOA Dental Clinic,Dubai,,Cosmetic / Veneers,https://noadentalclinic.com/,Skipped,Skipped,Skipped,4.8,400,Direct: +971563211745,61,Premium veneers and cosmetic patients often need quick follow-up after first inquiry and after consult; slow replies here are expensive.,Recover + Visible,High-ticket: Cosmetic / Veneers; AI visibility: needs manual check,Ready To Send Today,WhatsApp,2026-06-03
DRFK Turkish International Day Surgery Center LLC,Dubai,Dr. Fatih Kırar,,https://drfk.ae/,Skipped,Skipped,Skipped,4.9,392,Direct: +971586954334,61,Direct mobile path plus surgery-center positioning makes missed calls expensive; patients are likely comparing providers quickly.,Recover + Visible,AI visibility: needs manual check,Ready To Send Today,WhatsApp,2026-06-03
Ferdows Medical Center,Dubai,Dr. Zohreh Ahrari,,https://ferdowsmedicalcenter.ae/,Skipped,Skipped,Skipped,4.9,359,Direct: +971564164701,61,AI visibility: needs manual check,Recover + Visible,AI visibility: needs manual check,Not Contacted,,2026-06-03
German Dental & Neuromuscular Clinic,Dubai,Dr. Abdolreza Nassouti,,https://germandent.com/,Skipped,Skipped,Skipped,4.8,354,Direct: +971568004722,61,AI visibility: needs manual check,Recover + Visible,AI visibility: needs manual check,Not Contacted,,2026-06-03
La Perla Dental Clinic DMCC,Dubai,Dr. Jamal Zoubi,,https://laperladental.com/,Skipped,Skipped,Skipped,4.8,337,Direct: +971564662598,61,AI visibility: needs manual check,Recover + Visible,AI visibility: needs manual check,Not Contacted,,2026-06-03
Sejovi Dental & Implant Center,Dubai,Dr. Sejo Isaac,Implant,https://sejovi.com,Skipped,Skipped,Skipped,4.9,387,Mobile (likely WhatsApp): +971 50 281 6170,57,High-ticket: Implant; AI visibility: needs manual check,Recover + Visible,High-ticket: Implant; AI visibility: needs manual check,Not Contacted,,2026-06-03
Samaa Medical Centre,Dubai,Not found,,https://samaamedicalcenter.ae/,Skipped,Skipped,Skipped,4.5,328,Direct: +971562291810,56,Website down — critical leak; AI visibility: needs manual check,Recover + Visible,Website down — critical leak; AI visibility: needs manual check,Not Contacted,,2026-06-03
Dental Implantologist UAE,Dubai,Dr. Gunjan Alad,Implant,https://dentalimplantologistuae.com,Skipped,Skipped,Skipped,5.0,125,Mobile (likely WhatsApp): +971 58 521 7979,55,High-ticket: Implant; AI visibility: needs manual check,Recover + Visible,High-ticket: Implant; AI visibility: needs manual check,Not Contacted,,2026-06-03
Dr Krish Esthetik Studio,Dubai,Dr. Krish,Aesthetics,https://drkrishesthetik.com,Skipped,Skipped,Skipped,4.8,276,Mobile (likely WhatsApp): +971 50 837 3481,54,High-ticket: Aesthetics; AI visibility: needs manual check,Recover + Visible,High-ticket: Aesthetics; AI visibility: needs manual check,Not Contacted,,2026-06-03
The TopDent,Dubai,Dr. Divakar,Cosmetic,https://topdent.ae,Skipped,Skipped,Skipped,5.0,260,Mobile (likely WhatsApp): +971 50 144 0432,54,"Website appears suspended, which means inbound cosmetic leads may be bouncing and direct messaging becomes even more critical.",Recover + Visible,High-ticket: Cosmetic; AI visibility: needs manual check,Ready To Send Today,WhatsApp,2026-06-03
Esthetic Dubai (La Maison Des Sourires),Dubai,,Cosmetic,https://estheticdubai.com,Skipped,Skipped,Skipped,4.9,342,No direct WhatsApp found,53,No direct WhatsApp path; WhatsApp path unclear; Likely missed call issues,Recover + Visible,No direct WhatsApp path; WhatsApp path unclear; Likely missed call issues; High-ticket: Cosmetic; AI visibility: needs manual check,Not Contacted,,2026-06-03
Dr Pauls Dental Clinic LLC,Dubai,Dr. Binoy Paul,,https://www.drpaulsdentalclinic.com/,Skipped,Skipped,Skipped,4.8,394,No direct WhatsApp found,50,No direct WhatsApp path; WhatsApp path unclear; Likely missed call issues,Recover + Visible,No direct WhatsApp path; WhatsApp path unclear; Likely missed call issues; AI visibility: needs manual check,Not Contacted,,2026-06-03
Dentist Direct Dubai,Dubai,Dr. Zul Paliwalla,Digital Dentistry,https://dentistdirect.ae,Skipped,Skipped,Skipped,4.8,373,No direct WhatsApp found,50,A 24/7 emergency promise creates a high expectation for instant response; any missed call or slow reply is visibly off-brand.,Recover + Visible,No direct WhatsApp path; WhatsApp path unclear; Likely missed call issues; AI visibility: needs manual check,Ready To Send Today,IG DM,2026-06-03
Dr. Michael's Dental Clinic,Dubai,,Cosmetic / Implant,https://www.drmichaels.com/,Skipped,Skipped,Skipped,4.7,500,No direct WhatsApp found,46,500 reviews plus cosmetic and implant positioning suggest high inbound volume; even one slow reply likely costs a premium case.,Recover + Visible,No direct WhatsApp path; WhatsApp path unclear; High-ticket: Cosmetic / Implant; AI visibility: needs manual check,Ready To Send Today,IG DM,2026-06-03
Dr. Joy Dental Clinic,Dubai,,Multi-specialty / Cosmetic,https://www.drjoydentalclinic.com/,Skipped,Skipped,Skipped,4.6,450,No direct WhatsApp found,46,Multi-branch cosmetic clinic with 450 reviews; response consistency across locations is hard to maintain and premium inquiries can slip between teams.,Recover + Visible,No direct WhatsApp path; WhatsApp path unclear; High-ticket: Multi-specialty / Cosmetic; AI visibility: needs manual check,Ready To Send Today,IG DM,2026-06-03
Dentzz Dental Care Centre,Dubai,Dr. Shantanu Jambhekar,Premium Cosmetic,https://dentzz.ae,Skipped,Skipped,Skipped,5.0,444,No direct WhatsApp found,46,Premium cosmetic brand with heavy international-style lead flow; landline-first access suggests a human response bottleneck.,Recover + Visible,No direct WhatsApp path; WhatsApp path unclear; High-ticket: Premium Cosmetic; AI visibility: needs manual check,Ready To Send Today,IG DM,2026-06-03
New Ivory Dental & Implant Clinic,Dubai,Dr. Tanveer Ahmed,Implant,https://newivory.com,Skipped,Skipped,Skipped,5.0,331,No direct WhatsApp found,46,"Website is unreachable, so every missed call or DM matters even more because the normal digital path is already broken.",Recover + Visible,No direct WhatsApp path; WhatsApp path unclear; High-ticket: Implant; AI visibility: needs manual check,Ready To Send Today,IG DM,2026-06-03
Hadiya Dental Center,Dubai,Dr. Fathima Nooff,,https://www.hadiyacare.com,Skipped,Skipped,Skipped,4.8,304,No direct WhatsApp found,46,No direct WhatsApp path; WhatsApp path unclear; AI visibility: needs manual check,Recover + Visible,No direct WhatsApp path; WhatsApp path unclear; AI visibility: needs manual check,Not Contacted,,2026-06-03
Micris Dental Clinic,Dubai,,Premium Multi-specialty,https://micrisdentalclinic.com/,Skipped,Skipped,Skipped,4.8,300,No direct WhatsApp found,46,No direct WhatsApp path; WhatsApp path unclear; High-ticket: Premium Multi-specialty,Recover + Visible,No direct WhatsApp path; WhatsApp path unclear; High-ticket: Premium Multi-specialty; AI visibility: needs manual check,Not Contacted,,2026-06-03
SameDay Dental Clinic,Dubai,Dr. Costa Nicolopoulos,Implant / ZAGA Center,https://www.samedayme.com/,Skipped,Skipped,Skipped,4.8,285,No direct WhatsApp found,46,No direct WhatsApp path; WhatsApp path unclear; High-ticket: Implant / ZAGA Center,Recover + Visible,No direct WhatsApp path; WhatsApp path unclear; High-ticket: Implant / ZAGA Center; AI visibility: needs manual check,Not Contacted,,2026-06-03
Sameday Dental Implants,Dubai,Dr. Costa Nicolopoulos,,https://www.samedayme.com/,Skipped,Skipped,Skipped,4.8,285,No direct WhatsApp found,46,No direct WhatsApp path; WhatsApp path unclear; AI visibility: needs manual check,Recover + Visible,No direct WhatsApp path; WhatsApp path unclear; AI visibility: needs manual check,Not Contacted,,2026-06-03
Magnum Clinic Dubai,Dubai,,Cosmetic / General,https://magnumclinic.ae/,Skipped,Skipped,Skipped,4.8,200,No direct WhatsApp found,46,No direct WhatsApp path; WhatsApp path unclear; High-ticket: Cosmetic / General,Recover + Visible,No direct WhatsApp path; WhatsApp path unclear; High-ticket: Cosmetic / General; AI visibility: needs manual check,Not Contacted,,2026-06-03
Hollywod Smile Clinic,Dubai,Dr. Mohammad Alhussain,,https://hollywoodsmiledc.com/,Skipped,Skipped,Skipped,4.4,1153,No direct WhatsApp found,44,No direct WhatsApp path; WhatsApp path unclear; AI visibility: needs manual check,Recover + Visible,No direct WhatsApp path; WhatsApp path unclear; AI visibility: needs manual check,Not Contacted,,2026-06-03
APA Aesthetic Dental Center,Dubai,,Boutique Cosmetic,https://apaaesthetic.ae/,Skipped,Skipped,Skipped,4.9,150,No direct WhatsApp found,44,No direct WhatsApp path; WhatsApp path unclear; High-ticket: Boutique Cosmetic,Recover + Visible,No direct WhatsApp path; WhatsApp path unclear; High-ticket: Boutique Cosmetic; AI visibility: needs manual check,Not Contacted,,2026-06-03
Modern Dental Clinic,Dubai,Dr. Darach Judge,,https://www.trulydental.ae/,Skipped,Skipped,Skipped,4.9,137,No direct WhatsApp found,44,No direct WhatsApp path; WhatsApp path unclear; AI visibility: needs manual check,Recover + Visible,No direct WhatsApp path; WhatsApp path unclear; AI visibility: needs manual check,Not Contacted,,2026-06-03
Reveal Medical Center,Dubai,Dr. Alaa Abou Laban,,https://reveal.ae/,Skipped,Skipped,Skipped,4.9,173,No direct WhatsApp found,41,No direct WhatsApp path; WhatsApp path unclear; AI visibility: needs manual check,Recover + Visible,No direct WhatsApp path; WhatsApp path unclear; AI visibility: needs manual check,Not Contacted,,2026-06-03
The Perio Clinic,Dubai,Dr. Geoffrey Sharpe,Periodontics/Surgical,https://perio.ae,Skipped,Skipped,Skipped,5.0,158,No direct WhatsApp found,41,No direct WhatsApp path; WhatsApp path unclear; AI visibility: needs manual check,Recover + Visible,No direct WhatsApp path; WhatsApp path unclear; AI visibility: needs manual check,Not Contacted,,2026-06-03
McBody Clinic LLC,Dubai,Dr. Shaghayegh Kazemian,,https://newsenseclinic.com,Skipped,Skipped,Skipped,4.6,150,No direct WhatsApp found,41,No direct WhatsApp path; WhatsApp path unclear; AI visibility: needs manual check,Recover + Visible,No direct WhatsApp path; WhatsApp path unclear; AI visibility: needs manual check,Not Contacted,,2026-06-03
